path	category	extension	loc	tracked	generated_or_build	last_commit	last_commit_date	last_author
.bandit	other-tracked	.bandit	0	yes	no	9c9018c	2025-12-22	Jbase16
.github/RUN_WORKFLOWS.md	other-tracked	.md	226	yes	no	9c9018c	2025-12-22	Jbase16
.github/SECURITY_CI_OVERVIEW.md	other-tracked	.md	272	yes	no	9c9018c	2025-12-22	Jbase16
.github/copilot-instructions.md	other-tracked	.md	165	yes	no	e48a0e6	2025-12-24	copilot-swe-agent[bot]
.gitignore	other-tracked	.gitignore	0	yes	no	5ec2a58	2026-07-01	Jbase16
.pre-commit-config.yaml	other-tracked	.yaml	8	yes	no	e58d306	2026-02-24	Jbase16
.semgrepignore	other-tracked	.semgrepignore	0	yes	no	9c9018c	2025-12-22	Jbase16
Makefile	root-config-doc	Makefile	0	yes	no	e58d306	2026-02-24	Jbase16
Modelfile	other-tracked	Modelfile	0	yes	no	5f46ae0	2026-05-21	Jbase16
README.md	root-config-doc	.md	79	yes	no	5f46ae0	2026-05-21	Jbase16
assets/laws/constitution.cal	other-tracked	.cal	0	yes	no	72da90b	2026-02-05	Jbase16
assets/wordlists/emergency.txt	other-tracked	.txt	0	yes	no	730e858	2026-01-05	Jbase16
core/__init__.py	core-python	.py	15	yes	no	08a3276	2025-12-17	Jason Phillips
core/__main__.py	core-python	.py	3	yes	no	8610a33	2025-12-19	Jbase16
core/aegis/__init__.py	core-python	.py	6	yes	no	9ab56a8	2026-01-02	Jbase16
core/aegis/bridge.py	core-python	.py	62	yes	no	92cd229	2026-01-03	Jbase16
core/aegis/economic_recon.py	core-python	.py	55	yes	no	9ab56a8	2026-01-02	Jbase16
core/aegis/graph.py	core-python	.py	124	yes	no	b3929eb	2026-01-04	Jbase16
core/aegis/manager.py	core-python	.py	88	yes	no	38857b2	2026-01-03	Jbase16
core/aegis/models.py	core-python	.py	36	yes	no	38857b2	2026-01-03	Jbase16
core/aegis/nexus/__init__.py	core-python	.py	24	yes	no	5075a87	2026-01-14	Jbase16
core/aegis/nexus/chain.py	core-python	.py	670	yes	no	7d63772	2026-03-24	Jbase16
core/aegis/nexus/primitives.py	core-python	.py	774	yes	no	ab4a55e	2026-06-27	Jbase16
core/aegis/nexus/recoil.py	core-python	.py	89	yes	no	1d62cc7	2026-01-14	Jbase16
core/aegis/passive_ingest.py	core-python	.py	94	yes	no	b3929eb	2026-01-04	Jbase16
core/aegis/value_mapper.py	core-python	.py	41	yes	no	b3929eb	2026-01-04	Jbase16
core/ai/ai_engine.py	core-python	.py	1270	yes	no	d12f456	2026-05-21	Jbase16
core/ai/debate.py	core-python	.py	323	yes	no	02541ca	2026-01-05	Jbase16
core/ai/exec_protocol.py	core-python	.py	187	yes	no	5f46ae0	2026-05-21	Jbase16
core/ai/fallbacks.py	core-python	.py	301	yes	no	c73647a	2026-01-02	Jbase16
core/ai/reporting.py	core-python	.py	545	yes	no	7d63772	2026-03-24	Jbase16
core/ai/scan_briefing.py	core-python	.py	308	yes	no	d12f456	2026-05-21	Jbase16
core/ai/strategy.py	core-python	.py	379	yes	no	02541ca	2026-01-05	Jbase16
core/analyze/__init__.py	core-python	.py	18	yes	no	08a3276	2025-12-17	Jason Phillips
core/auditing/builder.py	core-python	.py	87	yes	no	80dad60	2026-02-01	Jbase16
core/base/__init__.py	core-python	.py	16	yes	no	08a3276	2025-12-17	Jason Phillips
core/base/action_dispatcher.py	core-python	.py	182	yes	no	5f46ae0	2026-05-21	Jbase16
core/base/config.py	core-python	.py	1131	yes	no	5f46ae0	2026-05-21	Jbase16
core/base/context.py	core-python	.py	16	yes	no	ff8d3b0	2026-02-23	Jbase16
core/base/exceptions.py	core-python	.py	13	yes	no	ff8d3b0	2026-02-23	Jbase16
core/base/execution_policy.py	core-python	.py	17	yes	no	ff8d3b0	2026-02-23	Jbase16
core/base/scope.py	core-python	.py	219	yes	no	ff8d3b0	2026-02-23	Jbase16
core/base/sequence.py	core-python	.py	293	yes	no	c36fa52	2026-01-05	Jbase16
core/base/session.py	core-python	.py	336	yes	no	6c38c18	2026-05-27	Jbase16
core/base/task_router.py	core-python	.py	308	yes	no	72da90b	2026-02-05	Jbase16
core/base/teardown.py	core-python	.py	125	yes	no	6c38c18	2026-05-27	Jbase16
core/bounty/__init__.py	core-python	.py	1	yes	no	ff8d3b0	2026-02-23	Jbase16
core/bounty/h1_client.py	core-python	.py	277	yes	no	7d63772	2026-03-24	Jbase16
core/cal/__init__.py	core-python	.py	0	yes	no	c27d090	2026-01-22	Jbase16
core/cal/engine.py	core-python	.py	94	yes	no	b98ee9a	2026-01-01	Jbase16
core/cal/interface.py	core-python	.py	53	yes	no	b98ee9a	2026-01-01	Jbase16
core/cal/parser.py	core-python	.py	130	yes	no	72da90b	2026-02-05	Jbase16
core/cal/safe_eval.py	core-python	.py	232	yes	no	72da90b	2026-02-05	Jbase16
core/cal/types.py	core-python	.py	116	yes	no	b98ee9a	2026-01-01	Jbase16
core/chat/__init__.py	core-python	.py	28	yes	no	306f676	2025-12-23	Jbase16
core/chat/chat_engine.py	core-python	.py	78	yes	no	02541ca	2026-01-05	Jbase16
core/contracts/__init__.py	core-python	.py	26	yes	no	b147159	2025-12-19	Jbase16
core/contracts/audit.py	core-python	.py	26	yes	no	80dad60	2026-02-01	Jbase16
core/contracts/budget.py	core-python	.py	84	yes	no	836fd14	2026-03-24	Jbase16
core/contracts/events.py	core-python	.py	783	yes	no	f8810c7	2026-02-06	Jbase16
core/contracts/schemas.py	core-python	.py	308	yes	no	836fd14	2026-03-24	Jbase16
core/cortex/__init__.py	core-python	.py	6	yes	no	a29e3eb	2026-02-15	Jbase16
core/cortex/arbitration.py	core-python	.py	165	yes	no	0954509	2026-01-02	Jbase16
core/cortex/attack_path_contract.py	core-python	.py	304	yes	no	14452eb	2026-02-16	Jbase16
core/cortex/authority.py	core-python	.py	453	yes	no	2bcd112	2026-01-11	Jbase16
core/cortex/capability_model_config.yaml	core-python	.yaml	24	yes	no	65d92fe	2026-02-09	Jbase16
core/cortex/capability_tiers.py	core-python	.py	468	yes	no	5f46ae0	2026-05-21	Jbase16
core/cortex/causal_graph.py	core-python	.py	1972	yes	no	e5c1fca	2026-05-21	Jbase16
core/cortex/chain_arbiter.py	core-python	.py	236	yes	no	bd8009a	2026-06-27	Jbase16
core/cortex/chain_hunter.py	core-python	.py	124	yes	no	a25192b	2026-06-28	Jbase16
core/cortex/chain_verifier.py	core-python	.py	153	yes	no	ab4a55e	2026-06-27	Jbase16
core/cortex/correlator.py	core-python	.py	62	yes	no	6ec45ef	2025-12-23	Jbase16
core/cortex/escalation_amplification.py	core-python	.py	254	yes	no	27763dc	2026-06-30	Jbase16
core/cortex/event_store.py	core-python	.py	170	yes	no	281e807	2026-01-21	Jbase16
core/cortex/events.py	core-python	.py	958	yes	no	e583193	2026-02-14	Jbase16
core/cortex/evidence_bundle.py	core-python	.py	200	yes	no	c82c167	2026-07-01	Jbase16
core/cortex/execution_policy.py	core-python	.py	211	yes	no	8039750	2026-07-02	Jbase16
core/cortex/graph_analyzer.py	core-python	.py	181	yes	no	a29e3eb	2026-02-15	Jbase16
core/cortex/insight_engine.py	core-python	.py	86	yes	no	0aaf44f	2026-01-08	Jbase16
core/cortex/kill_chain.py	core-python	.py	316	yes	no	c82c167	2026-07-01	Jbase16
core/cortex/manager.py	core-python	.py	156	yes	no	3c0bfb5	2026-01-14	Jbase16
core/cortex/memory.py	core-python	.py	31	yes	no	6ec45ef	2025-12-23	Jbase16
core/cortex/minimal_amplification.py	core-python	.py	358	yes	no	73c4d2b	2026-07-02	Jbase16
core/cortex/models.py	core-python	.py	34	yes	no	0aaf44f	2026-01-08	Jbase16
core/cortex/narrative_templates.py	core-python	.py	116	yes	no	6ec45ef	2025-12-23	Jbase16
core/cortex/narrator.py	core-python	.py	83	yes	no	6ec45ef	2025-12-23	Jbase16
core/cortex/nexus_context.py	core-python	.py	509	yes	no	14452eb	2026-02-16	Jbase16
core/cortex/pathfinder.py	core-python	.py	91	yes	no	6ec45ef	2025-12-23	Jbase16
core/cortex/policy.py	core-python	.py	265	yes	no	0954509	2026-01-02	Jbase16
core/cortex/policy_watcher.py	core-python	.py	148	yes	no	f02d066	2026-01-05	Jbase16
core/cortex/reasoning.py	core-python	.py	198	yes	no	14452eb	2026-02-16	Jbase16
core/cortex/replay_capsule.py	core-python	.py	521	yes	no	bba2307	2026-01-20	Jbase16
core/cortex/rules.yaml	core-python	.yaml	61	yes	no	c95c95f	2025-12-16	Jason Phillips
core/cortex/scanner_bridge.py	core-python	.py	49	yes	no	d8c2c72	2026-01-02	Jbase16
core/cortex/session.py	core-python	.py	140	yes	no	e5c5cdc	2026-01-10	Jbase16
core/cortex/subscriptions.py	core-python	.py	100	yes	no	3c0bfb5	2026-01-14	Jbase16
core/cortex/synapse.py	core-python	.py	21	yes	no	5535a75	2026-02-09	Jbase16
core/cortex/triage_adversary.py	core-python	.py	274	yes	no	0029c3a	2026-07-01	Jbase16
core/cronus/manager.py	core-python	.py	181	yes	no	a0f637c	2026-02-14	Jbase16
core/cronus/session.py	core-python	.py	62	yes	no	e5c5cdc	2026-01-10	Jbase16
core/data/__init__.py	core-python	.py	22	yes	no	08a3276	2025-12-17	Jason Phillips
core/data/blackbox.py	core-python	.py	141	yes	no	836fd14	2026-03-24	Jbase16
core/data/constants.py	core-python	.py	51	yes	no	dad2f55	2026-02-06	Jbase16
core/data/db.py	core-python	.py	1263	yes	no	95a2a85	2026-06-27	Jbase16
core/data/dedup_store.py	core-python	.py	356	yes	no	e3e9c38	2026-02-17	Jbase16
core/data/evidence.py	core-python	.py	83	yes	no	84b664f	2025-12-17	Jason Phillips
core/data/evidence_store.py	core-python	.py	152	yes	no	dfb7ddd	2026-02-05	Jbase16
core/data/findings.py	core-python	.py	11	yes	no	98c7a09	2026-01-03	Jbase16
core/data/findings_store.py	core-python	.py	325	yes	no	ef6532b	2026-06-06	Jbase16
core/data/issues_store.py	core-python	.py	93	yes	no	a86cacd	2025-12-31	Jbase16
core/data/killchain_store.py	core-python	.py	81	yes	no	fdaa49e	2025-12-27	Jbase16
core/data/migrations/001_initial_schema.sql	core-python	.sql	0	yes	no	c73647a	2026-01-02	Jbase16
core/data/migrations/002_add_confidence_scores.sql	core-python	.sql	0	yes	no	c73647a	2026-01-02	Jbase16
core/data/migrations/003_add_evidence_hashes.sql	core-python	.sql	0	yes	no	b7fbbda	2026-01-06	Jbase16
core/data/migrations/004_normalize_session_timestamps.sql	core-python	.sql	0	yes	no	5f46ae0	2026-05-21	Jbase16
core/data/migrations/005_add_issue_suppression.sql	core-python	.sql	0	yes	no	95a2a85	2026-06-27	Jbase16
core/data/migrations/__init__.py	core-python	.py	21	yes	no	c73647a	2026-01-02	Jbase16
core/data/migrations/migration_runner.py	core-python	.py	342	yes	no	7d63772	2026-03-24	Jbase16
core/data/pressure_graph/CODE_REVIEW_FIXES.md	core-python	.md	67	yes	no	28772df	2025-12-28	Jbase16
core/data/pressure_graph/IMPROVEMENTS_SUMMARY.md	core-python	.md	187	yes	no	a034733	2025-12-28	Jbase16
core/data/pressure_graph/PRODUCTION_GRADE_IMPROVEMENTS.md	core-python	.md	140	yes	no	a034733	2025-12-28	Jbase16
core/data/pressure_graph/README.md	core-python	.md	289	yes	no	a034733	2025-12-28	Jbase16
core/data/pressure_graph/__init__.py	core-python	.py	31	yes	no	ac6cbcc	2025-12-28	Jbase16
core/data/pressure_graph/attribution.py	core-python	.py	94	yes	no	a8d80a0	2026-01-01	copilot-swe-agent[bot]
core/data/pressure_graph/counterfactual.py	core-python	.py	112	yes	no	a8d80a0	2026-01-01	copilot-swe-agent[bot]
core/data/pressure_graph/explanation.py	core-python	.py	97	yes	no	a8d80a0	2026-01-01	copilot-swe-agent[bot]
core/data/pressure_graph/manager.py	core-python	.py	885	yes	no	a5de9f2	2026-02-14	Jbase16
core/data/pressure_graph/min_fix_set.py	core-python	.py	354	yes	no	a8d80a0	2026-01-01	copilot-swe-agent[bot]
core/data/pressure_graph/models.py	core-python	.py	152	yes	no	e707350	2026-01-08	Jbase16
core/data/pressure_graph/propagator.py	core-python	.py	121	yes	no	a8d80a0	2026-01-01	copilot-swe-agent[bot]
core/data/pressure_graph/tests/__init__.py	core-python	.py	3	yes	no	9641480	2025-12-28	Jbase16
core/data/pressure_graph/tests/test_models.py	core-python	.py	202	yes	no	9641480	2025-12-28	Jbase16
core/data/pressure_graph/tests/test_propagator.py	core-python	.py	377	yes	no	a034733	2025-12-28	Jbase16
core/data/pressure_graph/tests/test_property_based.py	core-python	.py	78	yes	no	f59a289	2025-12-29	Jbase16
core/data/pressure_graph/tests/test_v2_logic.py	core-python	.py	68	yes	no	a8d80a0	2026-01-01	copilot-swe-agent[bot]
core/data/risk.py	core-python	.py	145	yes	no	65d92fe	2026-02-09	Jbase16
core/debugging/time_travel.py	core-python	.py	360	yes	no	c73647a	2026-01-02	Jbase16
core/doppelganger/__init__.py	core-python	.py	4	yes	no	7905715	2026-01-03	Jbase16
core/doppelganger/engine.py	core-python	.py	152	yes	no	7d63772	2026-03-24	Jbase16
core/doppelganger/models.py	core-python	.py	66	yes	no	b4e4090	2026-01-03	Jbase16
core/engine/__init__.py	core-python	.py	24	yes	no	08a3276	2025-12-17	Jason Phillips
core/engine/headless_runner.py	core-python	.py	64	yes	no	ffb7b98	2026-01-23	Jbase16
core/engine/orchestrator.py	core-python	.py	153	yes	no	7ea750e	2026-03-23	Jbase16
core/engine/pty_manager.py	core-python	.py	376	yes	no	209ef38	2026-01-22	Jbase16
core/engine/runner.py	core-python	.py	123	yes	no	4bccada	2025-12-26	Jbase16
core/engine/scan_orchestrator.py	core-python	.py	111	yes	no	b25b1ec	2026-02-23	Jbase16
core/engine/scanner_engine.py	core-python	.py	1710	yes	no	5f46ae0	2026-05-21	Jbase16
core/engine/vanguard.py	core-python	.py	70	yes	no	5f46ae0	2026-05-21	Jbase16
core/epistemic/__init__.py	core-python	.py	7	yes	no	31e6178	2026-01-05	Jbase16
core/epistemic/cas.py	core-python	.py	81	yes	no	5f46ae0	2026-05-21	Jbase16
core/epistemic/events.py	core-python	.py	66	yes	no	c36fa52	2026-01-05	Jbase16
core/epistemic/ledger.py	core-python	.py	505	yes	no	5f46ae0	2026-05-21	Jbase16
core/errors.py	core-python	.py	378	yes	no	bba2307	2026-01-20	Jbase16
core/executor/__init__.py	core-python	.py	15	yes	no	44e7eb4	2026-01-03	Jbase16
core/executor/harness.py	core-python	.py	24	yes	no	44e7eb4	2026-01-03	Jbase16
core/executor/http_harness.py	core-python	.py	159	yes	no	7ea750e	2026-03-23	Jbase16
core/executor/interlock.py	core-python	.py	69	yes	no	44e7eb4	2026-01-03	Jbase16
core/executor/models.py	core-python	.py	47	yes	no	b4e4090	2026-01-03	Jbase16
core/executor/oracle.py	core-python	.py	96	yes	no	8249a58	2026-01-04	Jbase16
core/forge/__init__.py	core-python	.py	35	yes	no	dcbccb3	2025-12-30	Jbase16
core/forge/compiler.py	core-python	.py	274	yes	no	c73647a	2026-01-02	Jbase16
core/forge/sandbox.py	core-python	.py	57	yes	no	daeb881	2025-12-23	Jbase16
core/forge/validator.py	core-python	.py	282	yes	no	c73647a	2026-01-02	Jbase16
core/foundry/__init__.py	core-python	.py	112	yes	no	a19f887	2026-06-12	Jbase16
core/foundry/authorization.py	core-python	.py	342	yes	no	a19f887	2026-06-12	Jbase16
core/foundry/challenges.py	core-python	.py	190	yes	no	8770010	2026-06-07	Jbase16
core/foundry/driver_playwright.py	core-python	.py	164	yes	no	33892fa	2026-06-07	Jbase16
core/foundry/planner.py	core-python	.py	318	yes	no	8a3378b	2026-06-07	Jbase16
core/foundry/recipe.py	core-python	.py	331	yes	no	1379d84	2026-06-07	Jbase16
core/foundry/recipe_store.py	core-python	.py	81	yes	no	1c900c9	2026-06-07	Jbase16
core/foundry/recorder.py	core-python	.py	230	yes	no	2b37cb4	2026-06-09	Jbase16
core/foundry/replay.py	core-python	.py	434	yes	no	2b37cb4	2026-06-09	Jbase16
core/foundry/signup.py	core-python	.py	233	yes	no	a19f887	2026-06-12	Jbase16
core/foundry/vault.py	core-python	.py	369	yes	no	1379d84	2026-06-07	Jbase16
core/fuzz/__init__.py	core-python	.py	30	yes	no	08a3276	2025-12-17	Jason Phillips
core/fuzz/module.py	core-python	.py	89	yes	no	7ea750e	2026-03-23	Jbase16
core/ghost/__init__.py	core-python	.py	40	yes	no	6ec45ef	2025-12-23	Jbase16
core/ghost/flow.py	core-python	.py	546	yes	no	ef6532b	2026-06-06	Jbase16
core/ghost/flow_diff.py	core-python	.py	276	yes	no	828252e	2026-05-27	Jbase16
core/ghost/lazarus.py	core-python	.py	262	yes	no	bc65422	2026-06-18	Jbase16
core/ghost/logic.py	core-python	.py	88	yes	no	6ec45ef	2025-12-23	Jbase16
core/ghost/mutations.py	core-python	.py	407	yes	no	55df3c7	2026-05-27	Jbase16
core/ghost/proxy.py	core-python	.py	424	yes	no	bc65422	2026-06-18	Jbase16
core/ghost/replay.py	core-python	.py	441	yes	no	7b08fbc	2026-06-26	Jbase16
core/intel/__init__.py	core-python	.py	49	yes	no	5f46ae0	2026-05-21	Jbase16
core/intel/compilers/__init__.py	core-python	.py	30	yes	no	5f46ae0	2026-05-21	Jbase16
core/intel/compilers/persona_compiler.py	core-python	.py	220	yes	no	5f46ae0	2026-05-21	Jbase16
core/intel/compilers/policy_gate.py	core-python	.py	179	yes	no	5f46ae0	2026-05-21	Jbase16
core/intel/compilers/scope_compiler.py	core-python	.py	129	yes	no	5f46ae0	2026-05-21	Jbase16
core/intel/extractors/__init__.py	core-python	.py	23	yes	no	5f46ae0	2026-05-21	Jbase16
core/intel/extractors/base.py	core-python	.py	69	yes	no	5f46ae0	2026-05-21	Jbase16
core/intel/extractors/bugcrowd.py	core-python	.py	99	yes	no	5f46ae0	2026-05-21	Jbase16
core/intel/extractors/generic_url.py	core-python	.py	231	yes	no	5f46ae0	2026-05-21	Jbase16
core/intel/extractors/hackerone.py	core-python	.py	314	yes	no	5f46ae0	2026-05-21	Jbase16
core/intel/llm_extraction.py	core-python	.py	489	yes	no	5f46ae0	2026-05-21	Jbase16
core/intel/policy_enforcer.py	core-python	.py	347	yes	no	5f46ae0	2026-05-21	Jbase16
core/intel/program_scope.py	core-python	.py	339	yes	no	5f46ae0	2026-05-21	Jbase16
core/intel/registrar.py	core-python	.py	391	yes	no	5f46ae0	2026-05-21	Jbase16
core/intel/resolver.py	core-python	.py	90	yes	no	5f46ae0	2026-05-21	Jbase16
core/intel/selection/__init__.py	core-python	.py	21	yes	no	30b2850	2026-06-07	Jbase16
core/intel/selection/scorer.py	core-python	.py	326	yes	no	30b2850	2026-06-07	Jbase16
core/intel/token_store.py	core-python	.py	307	yes	no	5f46ae0	2026-05-21	Jbase16
core/intel/verifier.py	core-python	.py	202	yes	no	5f46ae0	2026-05-21	Jbase16
core/mimic/downloader.py	core-python	.py	109	yes	no	7d63772	2026-03-24	Jbase16
core/mimic/manager.py	core-python	.py	126	yes	no	5075a87	2026-01-14	Jbase16
core/mimic/miners/routes.py	core-python	.py	106	yes	no	d76d861	2026-01-10	Jbase16
core/mimic/miners/secrets.py	core-python	.py	72	yes	no	d76d861	2026-01-10	Jbase16
core/mimic/models.py	core-python	.py	35	yes	no	d76d861	2026-01-10	Jbase16
core/mimic/session.py	core-python	.py	203	yes	no	7bc68e5	2026-03-21	Jbase16
core/monitoring/continuous.py	core-python	.py	376	yes	no	65d92fe	2026-02-09	Jbase16
core/net/adapter.py	core-python	.py	96	yes	no	fa6e1f8	2026-03-22	Jbase16
core/net/http_factory.py	core-python	.py	70	yes	no	fa6e1f8	2026-03-22	Jbase16
core/observer/__init__.py	core-python	.py	14	yes	no	44e7eb4	2026-01-03	Jbase16
core/observer/bus.py	core-python	.py	83	yes	no	25535b6	2026-01-03	Jbase16
core/observer/events.py	core-python	.py	68	yes	no	b4e4090	2026-01-03	Jbase16
core/observer/feedback.py	core-python	.py	81	yes	no	8249a58	2026-01-04	Jbase16
core/observer/sinks.py	core-python	.py	83	yes	no	25535b6	2026-01-03	Jbase16
core/omega/__init__.py	core-python	.py	611	yes	no	7d63772	2026-03-24	Jbase16
core/omega/manager.py	core-python	.py	26	yes	no	d55c0e5	2025-12-27	Jbase16
core/omega/mimic_phase.py	core-python	.py	475	yes	no	7d63772	2026-03-24	Jbase16
core/omega/models.py	core-python	.py	31	yes	no	b152503	2026-01-10	Jbase16
core/omega/nexus_phase.py	core-python	.py	325	yes	no	ab4a55e	2026-06-27	Jbase16
core/omega/risk_calculator.py	core-python	.py	295	yes	no	7d63772	2026-03-24	Jbase16
core/payloads/__init__.py	core-python	.py	31	yes	no	08a3276	2025-12-17	Jason Phillips
core/reasoning/engine.py	core-python	.py	286	yes	no	7bc68e5	2026-03-21	Jbase16
core/reasoning/models.py	core-python	.py	59	yes	no	57c3f28	2026-01-10	Jbase16
core/recon/__init__.py	core-python	.py	39	yes	no	08a3276	2025-12-17	Jason Phillips
core/recon/behavioral.py	core-python	.py	638	yes	no	7ea750e	2026-03-23	Jbase16
core/recon/module.py	core-python	.py	43	yes	no	84b664f	2025-12-17	Jason Phillips
core/replay/__init__.py	core-python	.py	0	yes	no	059fb29	2026-01-06	Jbase16
core/replay/codec.py	core-python	.py	105	yes	no	94c32f1	2026-01-06	Jbase16
core/replay/hypervisor.py	core-python	.py	246	yes	no	7f31862	2026-01-06	Jbase16
core/replay/merkle.py	core-python	.py	136	yes	no	94c32f1	2026-01-06	Jbase16
core/replay/models.py	core-python	.py	58	yes	no	b714249	2026-01-06	Jbase16
core/replay/persistence.py	core-python	.py	172	yes	no	b714249	2026-01-06	Jbase16
core/reporting/bounty_report.py	core-python	.py	570	yes	no	0efceab	2026-07-02	Jbase16
core/reporting/composer.py	core-python	.py	198	yes	no	8cdffc5	2026-01-08	Jbase16
core/reporting/cvss_scorer.py	core-python	.py	319	yes	no	e3e9c38	2026-02-17	Jbase16
core/reporting/poc_generator.py	core-python	.py	415	yes	no	5f46ae0	2026-05-21	Jbase16
core/reporting/report_composer.py	core-python	.py	377	yes	no	5f46ae0	2026-05-21	Jbase16
core/reporting/repro.py	core-python	.py	155	yes	no	6bc1970	2026-06-30	Jbase16
core/reporting/submission_render.py	core-python	.py	483	yes	no	5550e1a	2026-07-02	Jbase16
core/reporting/types.py	core-python	.py	25	yes	no	8cdffc5	2026-01-08	Jbase16
core/safety/action_classifier.py	core-python	.py	95	yes	no	5370c5b	2026-06-30	Jbase16
core/safety/ownership_registry.py	core-python	.py	81	yes	no	a687e81	2026-07-02	Jbase16
core/safety/proof_budget.py	core-python	.py	79	yes	no	80d8bfe	2026-07-01	Jbase16
core/safety/proof_mode.py	core-python	.py	61	yes	no	10d8c43	2026-06-30	Jbase16
core/safety/provenance.py	core-python	.py	186	yes	no	ddcb7c9	2026-07-02	Jbase16
core/scheduler/__init__.py	core-python	.py	4	yes	no	a29e3eb	2026-02-15	Jbase16
core/scheduler/decisions.py	core-python	.py	501	yes	no	ff8d3b0	2026-02-23	Jbase16
core/scheduler/events.py	core-python	.py	38	yes	no	08a3276	2025-12-17	Jason Phillips
core/scheduler/feedback_loop.py	core-python	.py	778	yes	no	00b328e	2026-02-11	Jbase16
core/scheduler/intents.py	core-python	.py	39	yes	no	aba331b	2026-02-15	Jbase16
core/scheduler/laws.py	core-python	.py	95	yes	no	5b479a1	2026-01-02	Jbase16
core/scheduler/modes.py	core-python	.py	81	yes	no	5f46ae0	2026-05-21	Jbase16
core/scheduler/registry.py	core-python	.py	256	yes	no	5f46ae0	2026-05-21	Jbase16
core/scheduler/strategos.py	core-python	.py	1961	yes	no	5f46ae0	2026-05-21	Jbase16
core/scope/__init__.py	core-python	.py	25	yes	no	e3e9c38	2026-02-17	Jbase16
core/scope/enforcer.py	core-python	.py	184	yes	no	e3e9c38	2026-02-17	Jbase16
core/scope/models.py	core-python	.py	181	yes	no	e3e9c38	2026-02-17	Jbase16
core/sentient/__init__.py	core-python	.py	9	yes	no	4e31779	2025-12-28	Jbase16
core/sentient/cronus/__init__.py	core-python	.py	71	yes	no	4e31779	2025-12-28	Jbase16
core/sentient/cronus/differ.py	core-python	.py	519	yes	no	7d63772	2026-03-24	Jbase16
core/sentient/cronus/hunter.py	core-python	.py	710	yes	no	7d63772	2026-03-24	Jbase16
core/sentient/cronus/time_machine.py	core-python	.py	689	yes	no	7d63772	2026-03-24	Jbase16
core/sentient/diagnosis.py	core-python	.py	85	yes	no	f02d066	2026-01-05	Jbase16
core/sentient/doppelganger.py	core-python	.py	85	yes	no	19d5fda	2026-01-20	Jbase16
core/sentient/economics.py	core-python	.py	61	yes	no	7905715	2026-01-03	Jbase16
core/sentient/ethics.py	core-python	.py	68	yes	no	62ead1e	2026-01-03	Jbase16
core/sentient/mimic/__init__.py	core-python	.py	12	yes	no	d8c2c72	2026-01-02	Jbase16
core/sentient/mimic/ast_parser.py	core-python	.py	483	yes	no	7d63772	2026-03-24	Jbase16
core/sentient/mimic/downloader.py	core-python	.py	650	yes	no	7d63772	2026-03-24	Jbase16
core/sentient/mimic/model_inferencer.py	core-python	.py	54	yes	no	d8c2c72	2026-01-02	Jbase16
core/sentient/mimic/route_miner.py	core-python	.py	153	yes	no	c73647a	2026-01-02	Jbase16
core/sentient/mimic/shadow_spec.py	core-python	.py	60	yes	no	d8c2c72	2026-01-02	Jbase16
core/sentient/mimic/types.py	core-python	.py	71	yes	no	d8c2c72	2026-01-02	Jbase16
core/sentient/models.py	core-python	.py	60	yes	no	62ead1e	2026-01-03	Jbase16
core/sentient/service.py	core-python	.py	61	yes	no	62ead1e	2026-01-03	Jbase16
core/server/__init__.py	core-python	.py	34	yes	no	08a3276	2025-12-17	Jason Phillips
core/server/api.py	core-python	.py	348	yes	no	1c900c9	2026-06-07	Jbase16
core/server/openapi_gen.py	core-python	.py	23	yes	no	f02d066	2026-01-05	Jbase16
core/server/routers/__init__.py	core-python	.py	14	yes	no	e199070	2026-01-09	Jbase16
core/server/routers/ai.py	core-python	.py	231	yes	no	db70d40	2026-05-26	Jbase16
core/server/routers/auth.py	core-python	.py	190	yes	no	50d6224	2026-05-21	Jbase16
core/server/routers/cortex.py	core-python	.py	233	yes	no	5f46ae0	2026-05-21	Jbase16
core/server/routers/forge.py	core-python	.py	52	yes	no	5f46ae0	2026-05-21	Jbase16
core/server/routers/foundry.py	core-python	.py	351	yes	no	a19f887	2026-06-12	Jbase16
core/server/routers/ghost.py	core-python	.py	560	yes	no	bc65422	2026-06-18	Jbase16
core/server/routers/realtime.py	core-python	.py	223	yes	no	dfb7ddd	2026-02-05	Jbase16
core/server/routers/scans.py	core-python	.py	1697	yes	no	0efceab	2026-07-02	Jbase16
core/server/routers/system.py	core-python	.py	118	yes	no	e583193	2026-02-14	Jbase16
core/server/routers/verify.py	core-python	.py	487	yes	no	ef6532b	2026-06-06	Jbase16
core/server/state.py	core-python	.py	56	yes	no	80b3084	2026-01-08	Jbase16
core/server/tls.py	core-python	.py	220	yes	no	7d63772	2026-03-24	Jbase16
core/submission/__init__.py	core-python	.py	21	yes	no	6733b5b	2026-06-07	Jbase16
core/submission/h1_client.py	core-python	.py	339	yes	no	6733b5b	2026-06-07	Jbase16
core/system/orchestrator.py	core-python	.py	329	yes	no	8249a58	2026-01-04	Jbase16
core/thanatos/__init__.py	core-python	.py	11	yes	no	9ab56a8	2026-01-02	Jbase16
core/thanatos/anomaly_client.py	core-python	.py	51	yes	no	b3929eb	2026-01-04	Jbase16
core/thanatos/anomaly_tester.py	core-python	.py	49	yes	no	f02d066	2026-01-05	Jbase16
core/thanatos/axiom_synthesizer.py	core-python	.py	128	yes	no	b3929eb	2026-01-04	Jbase16
core/thanatos/isomorphism_engine.py	core-python	.py	53	yes	no	9ab56a8	2026-01-02	Jbase16
core/thanatos/karma_model.py	core-python	.py	51	yes	no	9ab56a8	2026-01-02	Jbase16
core/thanatos/manager.py	core-python	.py	88	yes	no	b3929eb	2026-01-04	Jbase16
core/thanatos/meta_observer.py	core-python	.py	51	yes	no	9ab56a8	2026-01-02	Jbase16
core/thanatos/models.py	core-python	.py	125	yes	no	f02d066	2026-01-05	Jbase16
core/thanatos/mutations.py	core-python	.py	115	yes	no	c4c1907	2026-01-03	Jbase16
core/thanatos/ontology_breaker.py	core-python	.py	35	yes	no	8249a58	2026-01-04	Jbase16
core/thanatos/scope_gate.py	core-python	.py	44	yes	no	62ead1e	2026-01-03	Jbase16
core/thanatos/truth_discriminator.py	core-python	.py	50	yes	no	9ab56a8	2026-01-02	Jbase16
core/toolkit/__init__.py	core-python	.py	45	yes	no	08a3276	2025-12-17	Jason Phillips
core/toolkit/diagnostics.py	core-python	.py	44	yes	no	ac45c4a	2026-01-05	Jbase16
core/toolkit/finding_verifier.py	core-python	.py	249	yes	no	95a2a85	2026-06-27	Jbase16
core/toolkit/fingerprinters.py	core-python	.py	86	yes	no	6ec45ef	2025-12-23	Jbase16
core/toolkit/installer.py	core-python	.py	350	yes	no	5f46ae0	2026-05-21	Jbase16
core/toolkit/internal_tool.py	core-python	.py	171	yes	no	e3e9c38	2026-02-17	Jbase16
core/toolkit/internal_tools/__init__.py	core-python	.py	6	yes	no	aba331b	2026-02-15	Jbase16
core/toolkit/internal_tools/api_discoverer.py	core-python	.py	415	yes	no	fa6e1f8	2026-03-22	Jbase16
core/toolkit/internal_tools/oob_probe.py	core-python	.py	390	yes	no	7ea750e	2026-03-23	Jbase16
core/toolkit/internal_tools/persona_diff.py	core-python	.py	168	yes	no	5f46ae0	2026-05-21	Jbase16
core/toolkit/internal_tools/vuln_verifier.py	core-python	.py	263	yes	no	7965f3c	2026-02-23	Jbase16
core/toolkit/internal_tools/wraith_verify.py	core-python	.py	512	yes	no	c45e8fd	2026-02-16	Jbase16
core/toolkit/normalizer.py	core-python	.py	120	yes	no	f8810c7	2026-02-06	Jbase16
core/toolkit/raw_classifier.py	core-python	.py	2006	yes	no	5f46ae0	2026-05-21	Jbase16
core/toolkit/registry.py	core-python	.py	419	yes	no	5f46ae0	2026-05-21	Jbase16
core/toolkit/tool_callbacks.py	core-python	.py	26	yes	no	08a3276	2025-12-17	Jason Phillips
core/toolkit/tools.py	core-python	.py	59	yes	no	aba331b	2026-02-15	Jbase16
core/toolkit/vuln_rules.py	core-python	.py	1762	yes	no	00b328e	2026-02-11	Jbase16
core/utils/__init__.py	core-python	.py	25	yes	no	08a3276	2025-12-17	Jason Phillips
core/utils/async_helpers.py	core-python	.py	101	yes	no	6ec45ef	2025-12-23	Jbase16
core/utils/observer.py	core-python	.py	53	yes	no	65d92fe	2026-02-09	Jbase16
core/verify/__init__.py	core-python	.py	47	yes	no	5993b11	2026-06-06	Jbase16
core/verify/console.py	core-python	.py	244	yes	no	f39319d	2026-06-06	Jbase16
core/verify/promoter.py	core-python	.py	326	yes	no	1713d0c	2026-06-07	Jbase16
core/web/__init__.py	core-python	.py	0	yes	no	0b41d41	2026-02-23	Jbase16
core/web/auth/__init__.py	core-python	.py	10	yes	no	7bc68e5	2026-03-21	Jbase16
core/web/auth/base.py	core-python	.py	40	yes	no	7bc68e5	2026-03-21	Jbase16
core/web/auth/form_login.py	core-python	.py	165	yes	no	7d63772	2026-03-24	Jbase16
core/web/auth/scripted_login.py	core-python	.py	156	yes	no	7d63772	2026-03-24	Jbase16
core/web/auth_manager.py	core-python	.py	65	yes	no	7d63772	2026-03-24	Jbase16
core/web/browser/__init__.py	core-python	.py	0	yes	no	0b41d41	2026-02-23	Jbase16
core/web/browser/playwright_runner.py	core-python	.py	0	yes	no	0b41d41	2026-02-23	Jbase16
core/web/context.py	core-python	.py	25	yes	no	7d63772	2026-03-24	Jbase16
core/web/contracts/__init__.py	core-python	.py	0	yes	no	0b41d41	2026-02-23	Jbase16
core/web/contracts/enums.py	core-python	.py	48	yes	no	0fb99dc	2026-05-26	Jbase16
core/web/contracts/errors.py	core-python	.py	11	yes	no	0b41d41	2026-02-23	Jbase16
core/web/contracts/events.py	core-python	.py	99	yes	no	7d63772	2026-03-24	Jbase16
core/web/contracts/ids.py	core-python	.py	34	yes	no	0b41d41	2026-02-23	Jbase16
core/web/contracts/models.py	core-python	.py	154	yes	no	7d63772	2026-03-24	Jbase16
core/web/contracts/schemas.py	core-python	.py	35	yes	no	ae925dd	2026-02-24	Jbase16
core/web/contracts/validation.py	core-python	.py	22	yes	no	0b41d41	2026-02-23	Jbase16
core/web/crawler.py	core-python	.py	146	yes	no	346a358	2026-02-24	Jbase16
core/web/diff/__init__.py	core-python	.py	0	yes	no	0b41d41	2026-02-23	Jbase16
core/web/diff/baseline.py	core-python	.py	42	yes	no	e58d306	2026-02-24	Jbase16
core/web/diff/delta.py	core-python	.py	31	yes	no	e58d306	2026-02-24	Jbase16
core/web/event_bus.py	core-python	.py	47	yes	no	0cdf465	2026-02-24	Jbase16
core/web/evidence/__init__.py	core-python	.py	0	yes	no	0b41d41	2026-02-23	Jbase16
core/web/evidence/artifacts.py	core-python	.py	0	yes	no	0b41d41	2026-02-23	Jbase16
core/web/evidence/bundle.py	core-python	.py	45	yes	no	e58d306	2026-02-24	Jbase16
core/web/evidence_service.py	core-python	.py	298	yes	no	7ea750e	2026-03-23	Jbase16
core/web/js_intel.py	core-python	.py	57	yes	no	0b41d41	2026-02-23	Jbase16
core/web/mission.py	core-python	.py	15	yes	no	0b41d41	2026-02-23	Jbase16
core/web/mutate/__init__.py	core-python	.py	0	yes	no	0b41d41	2026-02-23	Jbase16
core/web/mutate/base.py	core-python	.py	18	yes	no	0cdf465	2026-02-24	Jbase16
core/web/mutate/idor.py	core-python	.py	79	yes	no	c579c09	2026-02-24	Jbase16
core/web/mutate/reflection.py	core-python	.py	70	yes	no	2650584	2026-02-24	Jbase16
core/web/mutate/sqli.py	core-python	.py	217	yes	no	7bc68e5	2026-03-21	Jbase16
core/web/mutate/ssrf.py	core-python	.py	251	yes	no	7bc68e5	2026-03-21	Jbase16
core/web/orchestrator.py	core-python	.py	136	yes	no	333b679	2026-02-25	Jbase16
core/web/replay/__init__.py	core-python	.py	0	yes	no	0b41d41	2026-02-23	Jbase16
core/web/replay/generator.py	core-python	.py	25	yes	no	e58d306	2026-02-24	Jbase16
core/web/surface_registry.py	core-python	.py	56	yes	no	2650584	2026-02-24	Jbase16
core/web/transport.py	core-python	.py	228	yes	no	7d63772	2026-03-24	Jbase16
core/wraith/__init__.py	core-python	.py	43	yes	no	6ec45ef	2025-12-23	Jbase16
core/wraith/auth_diff_scanner.py	core-python	.py	125	yes	no	5f46ae0	2026-05-21	Jbase16
core/wraith/automator.py	core-python	.py	214	yes	no	fa6e1f8	2026-03-22	Jbase16
core/wraith/bola.py	core-python	.py	108	yes	no	c82c167	2026-07-01	Jbase16
core/wraith/bola_probe.py	core-python	.py	296	yes	no	8cfe9e9	2026-07-02	Jbase16
core/wraith/bola_scale.py	core-python	.py	133	yes	no	c82c167	2026-07-01	Jbase16
core/wraith/candidate_discovery.py	core-python	.py	435	yes	no	2fb02aa	2026-06-28	Jbase16
core/wraith/capability.py	core-python	.py	406	yes	no	ee0f309	2026-06-29	Jbase16
core/wraith/evasion.py	core-python	.py	116	yes	no	6ec45ef	2025-12-23	Jbase16
core/wraith/execution_policy.py	core-python	.py	378	yes	no	ff8d3b0	2026-02-23	Jbase16
core/wraith/exfiltration.py	core-python	.py	164	yes	no	0d3772d	2026-06-29	Jbase16
core/wraith/logic_flaws.py	core-python	.py	147	yes	no	c82c167	2026-07-01	Jbase16
core/wraith/logic_probe.py	core-python	.py	348	yes	no	6d8c0a9	2026-06-30	Jbase16
core/wraith/mass_assignment.py	core-python	.py	188	yes	no	c82c167	2026-07-01	Jbase16
core/wraith/mutation_engine.py	core-python	.py	1298	yes	no	311b567	2026-05-25	Jbase16
core/wraith/mutator.py	core-python	.py	107	yes	no	6ec45ef	2025-12-23	Jbase16
core/wraith/oob_detector.py	core-python	.py	843	yes	no	7d63772	2026-03-24	Jbase16
core/wraith/owned_proof.py	core-python	.py	147	yes	no	c82c167	2026-07-01	Jbase16
core/wraith/persona_auth.py	core-python	.py	145	yes	no	57a2eff	2026-05-26	Jbase16
core/wraith/personas.py	core-python	.py	822	yes	no	7d63772	2026-03-24	Jbase16
core/wraith/self_escalation.py	core-python	.py	149	yes	no	c82c167	2026-07-01	Jbase16
core/wraith/session_bridge.py	core-python	.py	113	yes	no	7965f3c	2026-02-23	Jbase16
core/wraith/session_manager.py	core-python	.py	396	yes	no	aa9ec23	2026-02-15	Jbase16
core/wraith/verify_phase.py	core-python	.py	621	yes	no	2fb02aa	2026-06-28	Jbase16
core/wraith/vuln_verifier.py	core-python	.py	399	yes	no	a852b66	2026-06-27	Jbase16
core/wraith/waf_bypass.py	core-python	.py	655	yes	no	00b328e	2026-02-11	Jbase16
core/wraith/waf_retry.py	core-python	.py	223	yes	no	c45e8fd	2026-02-16	Jbase16
docs/AUTHENTICATION.md	docs	.md	27	yes	no	98c7a09	2026-01-03	Jbase16
docs/CALIBRATION_RUN_001.md	docs	.md	168	yes	no	5f46ae0	2026-05-21	Jbase16
docs/CALIBRATION_RUN_002.md	docs	.md	173	yes	no	5f46ae0	2026-05-21	Jbase16
docs/CALIBRATION_RUN_003.md	docs	.md	149	yes	no	5f46ae0	2026-05-21	Jbase16
docs/CALIBRATION_RUN_004.md	docs	.md	145	yes	no	5f46ae0	2026-05-21	Jbase16
docs/CALIBRATION_RUN_005_006_007.md	docs	.md	154	yes	no	5f46ae0	2026-05-21	Jbase16
docs/CALIBRATION_RUN_008_009.md	docs	.md	169	yes	no	5f46ae0	2026-05-21	Jbase16
docs/CALIBRATION_RUN_010.md	docs	.md	130	yes	no	5f46ae0	2026-05-21	Jbase16
docs/CALIBRATION_RUN_011.md	docs	.md	107	yes	no	5f46ae0	2026-05-21	Jbase16
docs/CALIBRATION_RUN_012.md	docs	.md	121	yes	no	5f46ae0	2026-05-21	Jbase16
docs/CALIBRATION_RUN_013.md	docs	.md	143	yes	no	5f46ae0	2026-05-21	Jbase16
docs/CALIBRATION_RUN_014.md	docs	.md	186	yes	no	5f46ae0	2026-05-21	Jbase16
docs/CALIBRATION_RUN_015.md	docs	.md	167	yes	no	5f46ae0	2026-05-21	Jbase16
docs/CALIBRATION_RUN_016.md	docs	.md	144	yes	no	5f46ae0	2026-05-21	Jbase16
docs/CALIBRATION_RUN_017.md	docs	.md	158	yes	no	5f46ae0	2026-05-21	Jbase16
docs/CALIBRATION_RUN_018.md	docs	.md	118	yes	no	5f46ae0	2026-05-21	Jbase16
docs/CALIBRATION_RUN_020.md	docs	.md	112	yes	no	5f46ae0	2026-05-21	Jbase16
docs/CALIBRATION_RUN_021.md	docs	.md	91	yes	no	5f46ae0	2026-05-21	Jbase16
docs/CALIBRATION_RUN_022.md	docs	.md	135	yes	no	5f46ae0	2026-05-21	Jbase16
docs/CALIBRATION_RUN_023.md	docs	.md	118	yes	no	5f46ae0	2026-05-21	Jbase16
docs/CALIBRATION_RUN_024.md	docs	.md	116	yes	no	5f46ae0	2026-05-21	Jbase16
docs/CALIBRATION_RUN_036.md	docs	.md	128	yes	no	27f5498	2026-05-27	Jbase16
docs/CALIBRATION_RUN_038.md	docs	.md	113	yes	no	5409cfd	2026-05-27	Jbase16
docs/CALIBRATION_RUN_050.md	docs	.md	202	yes	no	ef6532b	2026-06-06	Jbase16
docs/CALIBRATION_RUN_060.md	docs	.md	129	yes	no	4f4b665	2026-06-07	Jbase16
docs/CHAIN_ARBITER.md	docs	.md	50	yes	no	a25192b	2026-06-28	Jbase16
docs/CLEANUP_SUMMARY.md	docs	.md	80	yes	no	dcbccb3	2025-12-30	Jbase16
docs/DEVELOPMENT_GUIDE.md	docs	.md	13	yes	no	8610a33	2025-12-19	Jbase16
docs/PHASE_1_PLAYBOOK.md	docs	.md	346	yes	no	5f46ae0	2026-05-21	Jbase16
docs/PHASE_2_DESIGN.md	docs	.md	364	yes	no	5f46ae0	2026-05-21	Jbase16
docs/PHASE_7_PERSONA_FOUNDRY.md	docs	.md	230	yes	no	a19f887	2026-06-12	Jbase16
docs/STARTUP_TROUBLESHOOTING.md	docs	.md	287	yes	no	44c8129	2026-01-09	Jbase16
docs/architecture.md	docs	.md	36	yes	no	749b606	2025-12-08	Jason Phillips
docs/architecture/WEB_EXPLOITATION_ENGINE_V1.md	docs	.md	330	yes	no	0b41d41	2026-02-23	Jbase16
docs/archive/README.md	docs	.md	6	yes	no	333b679	2026-02-25	Jbase16
docs/archive/dev-tools/fix_dataclass_imports.py	docs	.py	72	yes	no	d5ae181	2025-12-21	copilot-swe-agent[bot]
docs/archive/dev-tools/repro_import.py	docs	.py	16	yes	no	d5ae181	2025-12-21	copilot-swe-agent[bot]
docs/archive/project-notes/CAUSAL_GRAPH_CODE_REVIEW.md	docs	.md	138	yes	no	92884c0	2026-02-25	Jbase16
docs/archive/project-notes/DESIGN_PROPOSAL_CAPABILITY_MODEL.md	docs	.md	358	yes	no	92884c0	2026-02-25	Jbase16
docs/archive/project-notes/PHASE1_IMPLEMENTATION_PLAN.md	docs	.md	644	yes	no	92884c0	2026-02-25	Jbase16
docs/archive/project-notes/PHASE2_IMPLEMENTATION_PLAN.md	docs	.md	1114	yes	no	92884c0	2026-02-25	Jbase16
docs/archive/project-notes/PHASE3_IMPLEMENTATION_PLAN.md	docs	.md	652	yes	no	92884c0	2026-02-25	Jbase16
docs/archive/project-notes/PRIORITIZATION_AUDIT.md	docs	.md	216	yes	no	92884c0	2026-02-25	Jbase16
docs/archive/project-notes/SCAN_FAILURE_ANALYSIS.md	docs	.md	381	yes	no	92884c0	2026-02-25	Jbase16
docs/archive/project-notes/VALIDATION_REPORT.md	docs	.md	102	yes	no	92884c0	2026-02-25	Jbase16
docs/cal/00-introduction.md	docs	.md	29	yes	no	9d250b7	2025-12-12	Jason Phillips
docs/cal/01-getting-started.md	docs	.md	109	yes	no	9d250b7	2025-12-12	Jason Phillips
docs/cal/02-language-tour.md	docs	.md	41	yes	no	9d250b7	2025-12-12	Jason Phillips
docs/cal/03-agents-and-bindings.md	docs	.md	36	yes	no	9d250b7	2025-12-12	Jason Phillips
docs/cal/04-claims-evidence-confidence.md	docs	.md	41	yes	no	9d250b7	2025-12-12	Jason Phillips
docs/cal/05-rules-and-policies.md	docs	.md	44	yes	no	9d250b7	2025-12-12	Jason Phillips
docs/cal/06-missions-and-execution.md	docs	.md	28	yes	no	9d250b7	2025-12-12	Jason Phillips
docs/cal/07-queries-and-introspection.md	docs	.md	26	yes	no	9d250b7	2025-12-12	Jason Phillips
docs/cal/08-safety-scope-authorization.md	docs	.md	24	yes	no	9d250b7	2025-12-12	Jason Phillips
docs/cal/09-debugging-replay.md	docs	.md	23	yes	no	9d250b7	2025-12-12	Jason Phillips
docs/cal/10-cookbook.md	docs	.md	34	yes	no	9d250b7	2025-12-12	Jason Phillips
docs/cal/11-reference.md	docs	.md	27	yes	no	9d250b7	2025-12-12	Jason Phillips
docs/cal/12-sentinel-integration.md	docs	.md	19	yes	no	9d250b7	2025-12-12	Jason Phillips
docs/cal/CAL_EXAMPLES.md	docs	.md	677	yes	no	42e51b2	2025-12-22	Jbase16
docs/cal/CAL_INTEGRATION.md	docs	.md	829	yes	no	42e51b2	2025-12-22	Jbase16
docs/cal/CAL_LANGUAGE_DESIGN.md	docs	.md	1293	yes	no	42e51b2	2025-12-22	Jbase16
docs/cal/CAL_LEARNING_GUIDE.md	docs	.md	584	yes	no	42e51b2	2025-12-22	Jbase16
docs/cal/README.md	docs	.md	24	yes	no	9d250b7	2025-12-12	Jason Phillips
docs/cal/REFERENCE.md	docs	.md	61	yes	no	b98ee9a	2026-01-01	Jbase16
docs/classifiers.md	docs	.md	94	yes	no	c95c95f	2025-12-16	Jason Phillips
docs/dev-tools/README.md	docs	.md	11	yes	no	42e51b2	2025-12-22	Jbase16
docs/dev-tools/add_all_comments.py	docs	.py	155	yes	no	42e51b2	2025-12-22	Jbase16
docs/dev-tools/audit_top_level_dirs_fixed.py	docs	.py	50	yes	no	42e51b2	2025-12-22	Jbase16
docs/dev-tools/audit_top_level_dirs_full.py	docs	.py	51	yes	no	42e51b2	2025-12-22	Jbase16
docs/dev-tools/cleanup_stage_one.py	docs	.py	39	yes	no	42e51b2	2025-12-22	Jbase16
docs/dev-tools/debug_imports.py	docs	.py	15	yes	no	42e51b2	2025-12-22	Jbase16
docs/dev-tools/fix_dataclass_imports.py	docs	.py	72	yes	no	42e51b2	2025-12-22	Jbase16
docs/dev-tools/fix_dataclass_imports_force.py	docs	.py	72	yes	no	42e51b2	2025-12-22	Jbase16
docs/dev-tools/repro_import.py	docs	.py	16	yes	no	42e51b2	2025-12-22	Jbase16
docs/hardening_summary_7_phases.md	docs	.md	49	yes	no	c95c95f	2025-12-16	Jason Phillips
docs/layer2_decision_emission.md	docs	.md	341	yes	no	26625c1	2025-12-16	Jason Phillips
docs/layer_3_overview.md	docs	.md	40	yes	no	c95c95f	2025-12-16	Jason Phillips
docs/layer_4_summary.md	docs	.md	55	yes	no	c95c95f	2025-12-16	Jason Phillips
docs/modules.md	docs	.md	2	yes	no	2ab1b5d	2025-12-07	Jason Phillips
docs/pressure_graph_implementation.md	docs	.md	265	yes	no	9641480	2025-12-28	Jbase16
docs/reports/ARCHITECTURAL_AUDIT_REPORT.md	docs	.md	811	yes	no	9b8dbd0	2025-12-21	copilot-swe-agent[bot]
docs/roadmap.md	docs	.md	2	yes	no	2ab1b5d	2025-12-07	Jason Phillips
docs/schemas/web/event-envelope.schema.json	docs	.json	165	yes	no	e58d306	2026-02-24	Jbase16
docs/schemas/web/events/WEB_AUTH_ESTABLISHED.schema.json	docs	.json	72	yes	no	ae925dd	2026-02-24	Jbase16
docs/schemas/web/events/WEB_DELTA_DETECTED.schema.json	docs	.json	135	yes	no	0cdf465	2026-02-24	Jbase16
docs/schemas/web/events/WEB_ENDPOINT_REGISTERED.schema.json	docs	.json	104	yes	no	0cdf465	2026-02-24	Jbase16
docs/schemas/web/events/WEB_EVIDENCE_BUNDLE_CREATED.schema.json	docs	.json	674	yes	no	a9dc61e	2026-02-26	Jbase16
docs/schemas/web/events/WEB_FINDING_CONFIRMED.schema.json	docs	.json	70	yes	no	e58d306	2026-02-24	Jbase16
docs/schemas/web/events/WEB_MUTATION_ATTEMPT.schema.json	docs	.json	173	yes	no	e58d306	2026-02-24	Jbase16
docs/schemas/web/events/WEB_SURFACE_DISCOVERED.schema.json	docs	.json	71	yes	no	0cdf465	2026-02-24	Jbase16
docs/schemas/web/evidence/EvidenceBundle.schema.json	docs	.json	662	yes	no	a9dc61e	2026-02-26	Jbase16
docs/schemas/web/evidence/FindingRecord.schema.json	docs	.json	172	yes	no	a9dc61e	2026-02-26	Jbase16
graphite-demo/server.js	other-tracked	.js	0	yes	no	6533d86	2026-01-15	Jbase16
models/gemma-2-9b-it-sft-fused-4bit	other-tracked	gemma-2-9b-it-sft-fused-4bit	0	yes	no	e1ecf8a	2025-12-13	Jason Phillips
models/surgical_adapter	other-tracked	surgical_adapter	0	yes	no	e1ecf8a	2025-12-13	Jason Phillips
openapi.json	other-tracked	.json	2173	yes	no	20756f9	2026-01-05	Jbase16
plans/phase5_strategos_hybrid_evolution_implementation.md	other-tracked	.md	1891	yes	no	1b81782	2026-01-11	Jbase16
pyproject.toml	root-config-doc	.toml	42	yes	no	5cce91b	2026-01-07	Jbase16
pysentinel.py	other-tracked	.py	454	yes	no	5f46ae0	2026-05-21	Jbase16
requirements.txt	other-tracked	.txt	0	yes	no	3b470a6	2026-01-19	Jbase16
scripts/calibration_36_gitlab.py	scripts	.py	167	yes	no	27f5498	2026-05-27	Jbase16
scripts/calibration_50_end_to_end.py	scripts	.py	241	yes	no	ef6532b	2026-06-06	Jbase16
scripts/calibration_60_airtable_unauth.py	scripts	.py	259	yes	no	4f4b665	2026-06-07	Jbase16
scripts/check_circular_imports.py	scripts	.py	54	yes	no	6da1a7b	2026-01-05	Jbase16
scripts/check_schema_drift.py	scripts	.py	56	yes	no	333b679	2026-02-25	Jbase16
scripts/dummy_server.py	scripts	.py	63	yes	no	ae925dd	2026-02-24	Jbase16
scripts/generate_web_schemas.py	scripts	.py	45	yes	no	333b679	2026-02-25	Jbase16
scripts/inspect_scan.py	scripts	.py	377	yes	no	5f46ae0	2026-05-21	Jbase16
scripts/lab/README.md	scripts	.md	50	yes	no	5f46ae0	2026-05-21	Jbase16
scripts/lab/docker-compose.yml	scripts	.yml	34	yes	no	5f46ae0	2026-05-21	Jbase16
scripts/lab/juice-shop-scope.txt	scripts	.txt	0	yes	no	5f46ae0	2026-05-21	Jbase16
scripts/lab/megashop-personas.json	scripts	.json	39	yes	no	5f46ae0	2026-05-21	Jbase16
scripts/local-security-check.sh	scripts	.sh	125	yes	no	9d9a1b3	2025-12-26	copilot-swe-agent[bot]
scripts/preflight.py	scripts	.py	294	yes	no	5f46ae0	2026-05-21	Jbase16
scripts/sentinel_discover.py	scripts	.py	290	yes	no	5177ce6	2026-06-07	Jbase16
scripts/sentinel_ingest.py	scripts	.py	357	yes	no	5f46ae0	2026-05-21	Jbase16
scripts/sentinel_rank.py	scripts	.py	143	yes	no	30b2850	2026-06-07	Jbase16
scripts/sentinel_token.py	scripts	.py	134	yes	no	5f46ae0	2026-05-21	Jbase16
scripts/smoke_test_idor.py	scripts	.py	107	yes	no	a9dc61e	2026-02-26	Jbase16
scripts/smoke_test_orchestrator.py	scripts	.py	88	yes	no	c579c09	2026-02-24	Jbase16
scripts/start_backend.sh	scripts	.sh	46	yes	no	44c8129	2026-01-09	Jbase16
scripts/test_auth_isolation.py	scripts	.py	87	yes	no	ae925dd	2026-02-24	Jbase16
scripts/verify_forge_access.py	scripts	.py	72	yes	no	333b679	2026-02-25	Jbase16
sentinel-core.prompt	other-tracked	.prompt	0	yes	no	7bc68e5	2026-03-21	Jbase16
sentinel-engine.prompt	other-tracked	.prompt	0	yes	no	7bc68e5	2026-03-21	Jbase16
sentinelforge/cli/__init__.py	other-tracked	.py	1	yes	no	8610a33	2025-12-19	Jbase16
sentinelforge/cli/sentinel.py	other-tracked	.py	30	yes	no	8610a33	2025-12-19	Jbase16
tests/conftest.py	python-tests	.py	79	yes	no	a29e3eb	2026-02-15	Jbase16
tests/core/contracts/test_causal_isolation.py	python-tests	.py	48	yes	no	e5c5cdc	2026-01-10	Jbase16
tests/core/contracts/test_contracts_phase0.py	python-tests	.py	122	yes	no	836fd14	2026-03-24	Jbase16
tests/core/cortex/test_attack_path_contract.py	python-tests	.py	110	yes	no	14452eb	2026-02-16	Jbase16
tests/core/cortex/test_causal_graph_enrichment.py	python-tests	.py	84	yes	no	00b328e	2026-02-11	Jbase16
tests/core/cortex/test_nexus_phase1.py	python-tests	.py	148	yes	no	836fd14	2026-03-24	Jbase16
tests/core/cronus/test_cronus_phase2.py	python-tests	.py	98	yes	no	836fd14	2026-03-24	Jbase16
tests/core/mimic/test_mimic_routing.py	python-tests	.py	25	yes	no	d76d861	2026-01-10	Jbase16
tests/core/mimic/test_mimic_secrets.py	python-tests	.py	27	yes	no	10d9d27	2026-01-10	Jbase16
tests/core/reasoning/test_graph_contamination.py	python-tests	.py	78	yes	no	7bc68e5	2026-03-21	Jbase16
tests/core/reasoning/test_reasoning_logic.py	python-tests	.py	67	yes	no	7bc68e5	2026-03-21	Jbase16
tests/core/wraith/test_auth_diff_scanner.py	python-tests	.py	744	yes	no	0cdf465	2026-02-24	Jbase16
tests/core/wraith/test_execution_policy.py	python-tests	.py	193	yes	no	c45e8fd	2026-02-16	Jbase16
tests/core/wraith/test_oob.py	python-tests	.py	120	yes	no	c45e8fd	2026-02-16	Jbase16
tests/core/wraith/test_session_manager.py	python-tests	.py	58	yes	no	aa9ec23	2026-02-15	Jbase16
tests/core/wraith/test_verifier.py	python-tests	.py	99	yes	no	f97c854	2026-02-15	Jbase16
tests/integration/test_api_basic.py	python-tests	.py	134	yes	no	8665b32	2026-01-14	Jbase16
tests/integration/test_butterfly_effect.py	python-tests	.py	157	yes	no	4f35fc2	2026-01-06	Jbase16
tests/integration/test_cal_integration.py	python-tests	.py	41	yes	no	5b479a1	2026-01-02	Jbase16
tests/integration/test_cal_system_integration.py	python-tests	.py	94	yes	no	c73647a	2026-01-02	Jbase16
tests/integration/test_cors_security.py	python-tests	.py	40	yes	no	836fd14	2026-03-24	Jbase16
tests/integration/test_cronus/__init__.py	python-tests	.py	82	yes	no	5a6c859	2025-12-27	Jbase16
tests/integration/test_db_concurrency.py	python-tests	.py	77	yes	no	3160c27	2026-01-06	Jbase16
tests/integration/test_decision_emission.py	python-tests	.py	308	yes	no	aba331b	2026-02-15	Jbase16
tests/integration/test_full_scan.py	python-tests	.py	117	yes	no	7965f3c	2026-02-23	Jbase16
tests/integration/test_ghost_lazarus_integration.py	python-tests	.py	230	yes	no	bc65422	2026-06-18	Jbase16
tests/integration/test_ghost_persona_authscan_chain.py	python-tests	.py	418	yes	no	0cdf465	2026-02-24	Jbase16
tests/integration/test_ghost_proxy_lifecycle.py	python-tests	.py	74	yes	no	bc65422	2026-06-18	Jbase16
tests/integration/test_ghost_wraith_e2e.py	python-tests	.py	193	yes	no	5535a75	2026-02-09	Jbase16
tests/integration/test_mimic/__init__.py	python-tests	.py	75	yes	no	5a6c859	2025-12-27	Jbase16
tests/integration/test_nexus/__init__.py	python-tests	.py	116	yes	no	5a6c859	2025-12-27	Jbase16
tests/integration/test_omega/__init__.py	python-tests	.py	56	yes	no	5a6c859	2025-12-27	Jbase16
tests/integration/test_pty_interaction.py	python-tests	.py	78	yes	no	836fd14	2026-03-24	Jbase16
tests/integration/test_replay_semantics.py	python-tests	.py	91	yes	no	3a0b41e	2026-01-06	Jbase16
tests/integration/test_report_view_consistency.py	python-tests	.py	218	yes	no	5f46ae0	2026-05-21	Jbase16
tests/integration/test_scan_failure.py	python-tests	.py	71	yes	no	836fd14	2026-03-24	Jbase16
tests/integration/test_scan_flow.py	python-tests	.py	58	yes	no	84b664f	2025-12-17	Jason Phillips
tests/integration/test_session_safety.py	python-tests	.py	55	yes	no	f02d066	2026-01-05	Jbase16
tests/integration/test_strategos_hybrid.py	python-tests	.py	367	yes	no	f7b2b9e	2026-02-07	Jbase16
tests/integration/test_system_loop.py	python-tests	.py	109	yes	no	b2420fc	2026-01-02	Jbase16
tests/integration/test_tool_diagnostics.py	python-tests	.py	47	yes	no	ac45c4a	2026-01-05	Jbase16
tests/manual/test_diff.py	python-tests	.py	18	yes	no	836fd14	2026-03-24	Jbase16
tests/manual/test_ws_auth.py	python-tests	.py	22	yes	no	92884c0	2026-02-25	Jbase16
tests/security/test_command_injection.py	python-tests	.py	31	yes	no	a094ce1	2026-01-05	Jbase16
tests/security/test_exec_injection.py	python-tests	.py	251	yes	no	5f46ae0	2026-05-21	Jbase16
tests/security/test_scope_bounty_safety.py	python-tests	.py	169	yes	no	5f46ae0	2026-05-21	Jbase16
tests/test_advanced_cal.py	python-tests	.py	227	yes	no	0954509	2026-01-02	Jbase16
tests/test_hot_reload.py	python-tests	.py	140	yes	no	0954509	2026-01-02	Jbase16
tests/test_mutating_transport.py	python-tests	.py	147	yes	no	0cdf465	2026-02-24	Jbase16
tests/test_policy_api.py	python-tests	.py	120	yes	no	0954509	2026-01-02	Jbase16
tests/test_thanatos_wrappers.py	python-tests	.py	66	yes	no	b3929eb	2026-01-04	Jbase16
tests/unit/core/cal/test_cal.py	python-tests	.py	85	yes	no	b2420fc	2026-01-02	Jbase16
tests/unit/core/cal/test_cal_parser.py	python-tests	.py	58	yes	no	72da90b	2026-02-05	Jbase16
tests/unit/core/cal/test_safe_eval.py	python-tests	.py	14	yes	no	72da90b	2026-02-05	Jbase16
tests/unit/core/cortex/test_capability_tiers.py	python-tests	.py	75	yes	no	a5de9f2	2026-02-14	Jbase16
tests/unit/core/engine/test_resilience.py	python-tests	.py	62	yes	no	5b479a1	2026-01-02	Jbase16
tests/unit/core/engine/test_scanner_engine.py	python-tests	.py	354	yes	no	657e0f6	2026-02-10	Jbase16
tests/unit/core/mimic/test_asset_downloader.py	python-tests	.py	26	yes	no	7bc68e5	2026-03-21	Jbase16
tests/unit/core/mimic/test_mimic_core.py	python-tests	.py	87	yes	no	7bc68e5	2026-03-21	Jbase16
tests/unit/core/nexus/test_primitives_collection.py	python-tests	.py	64	yes	no	65d92fe	2026-02-09	Jbase16
tests/unit/core/test_bola.py	python-tests	.py	118	yes	no	7ec5908	2026-06-30	Jbase16
tests/unit/core/test_bola_scale.py	python-tests	.py	84	yes	no	8c3401e	2026-06-30	Jbase16
tests/unit/core/test_capability.py	python-tests	.py	196	yes	no	ee0f309	2026-06-29	Jbase16
tests/unit/core/test_chain_arbiter.py	python-tests	.py	97	yes	no	11c93b3	2026-06-27	Jbase16
tests/unit/core/test_chain_hunter.py	python-tests	.py	113	yes	no	a25192b	2026-06-28	Jbase16
tests/unit/core/test_chain_verifier.py	python-tests	.py	105	yes	no	ab4a55e	2026-06-27	Jbase16
tests/unit/core/test_escalation_amplification.py	python-tests	.py	123	yes	no	27763dc	2026-06-30	Jbase16
tests/unit/core/test_execution_policy.py	python-tests	.py	195	yes	no	8039750	2026-07-02	Jbase16
tests/unit/core/test_exfiltration.py	python-tests	.py	85	yes	no	0d3772d	2026-06-29	Jbase16
tests/unit/core/test_finding_verifier.py	python-tests	.py	133	yes	no	95a2a85	2026-06-27	Jbase16
tests/unit/core/test_kill_chain.py	python-tests	.py	121	yes	no	07bd904	2026-06-30	Jbase16
tests/unit/core/test_logic_flaws.py	python-tests	.py	66	yes	no	eb50291	2026-06-29	Jbase16
tests/unit/core/test_logic_probe.py	python-tests	.py	74	yes	no	c1e7408	2026-06-29	Jbase16
tests/unit/core/test_mass_assignment.py	python-tests	.py	95	yes	no	db3e73d	2026-06-29	Jbase16
tests/unit/core/test_minimal_amplification.py	python-tests	.py	251	yes	no	8039750	2026-07-02	Jbase16
tests/unit/core/test_nuclei_profiles.py	python-tests	.py	17	yes	no	a5de9f2	2026-02-14	Jbase16
tests/unit/core/test_owned_proof.py	python-tests	.py	88	yes	no	59a22ce	2026-06-30	Jbase16
tests/unit/core/test_ownership_registry.py	python-tests	.py	43	yes	no	a687e81	2026-07-02	Jbase16
tests/unit/core/test_pressure_graph_manager.py	python-tests	.py	48	yes	no	a5de9f2	2026-02-14	Jbase16
tests/unit/core/test_provenance.py	python-tests	.py	121	yes	no	6af3242	2026-07-02	Jbase16
tests/unit/core/test_raw_classifier_nuclei.py	python-tests	.py	27	yes	no	9dedda5	2026-02-15	Jbase16
tests/unit/core/test_self_escalation.py	python-tests	.py	75	yes	no	10d8c43	2026-06-30	Jbase16
tests/unit/core/test_triage_adversary.py	python-tests	.py	140	yes	no	0029c3a	2026-07-01	Jbase16
tests/unit/core/test_trinity_hardening.py	python-tests	.py	281	yes	no	c73647a	2026-01-02	Jbase16
tests/unit/intel/__init__.py	python-tests	.py	0	yes	no	5f46ae0	2026-05-21	Jbase16
tests/unit/intel/test_cli_ingest.py	python-tests	.py	336	yes	no	5f46ae0	2026-05-21	Jbase16
tests/unit/intel/test_cli_token.py	python-tests	.py	96	yes	no	5f46ae0	2026-05-21	Jbase16
tests/unit/intel/test_extractor_bugcrowd.py	python-tests	.py	189	yes	no	5f46ae0	2026-05-21	Jbase16
tests/unit/intel/test_extractor_hackerone.py	python-tests	.py	474	yes	no	5f46ae0	2026-05-21	Jbase16
tests/unit/intel/test_generic_url_extractor.py	python-tests	.py	316	yes	no	5f46ae0	2026-05-21	Jbase16
tests/unit/intel/test_llm_extraction.py	python-tests	.py	366	yes	no	5f46ae0	2026-05-21	Jbase16
tests/unit/intel/test_persona_compiler.py	python-tests	.py	317	yes	no	5f46ae0	2026-05-21	Jbase16
tests/unit/intel/test_policy_enforcement_bridge.py	python-tests	.py	131	yes	no	5f46ae0	2026-05-21	Jbase16
tests/unit/intel/test_policy_enforcer.py	python-tests	.py	456	yes	no	5f46ae0	2026-05-21	Jbase16
tests/unit/intel/test_policy_gate.py	python-tests	.py	197	yes	no	5f46ae0	2026-05-21	Jbase16
tests/unit/intel/test_program_scope.py	python-tests	.py	261	yes	no	5f46ae0	2026-05-21	Jbase16
tests/unit/intel/test_registrar.py	python-tests	.py	447	yes	no	5f46ae0	2026-05-21	Jbase16
tests/unit/intel/test_resolver.py	python-tests	.py	143	yes	no	5f46ae0	2026-05-21	Jbase16
tests/unit/intel/test_scope_compiler.py	python-tests	.py	319	yes	no	5f46ae0	2026-05-21	Jbase16
tests/unit/intel/test_token_store.py	python-tests	.py	191	yes	no	5f46ae0	2026-05-21	Jbase16
tests/unit/intel/test_verifier.py	python-tests	.py	398	yes	no	5f46ae0	2026-05-21	Jbase16
tests/unit/test_ai_manifesto_contract.py	python-tests	.py	84	yes	no	5f46ae0	2026-05-21	Jbase16
tests/unit/test_arbitration.py	python-tests	.py	64	yes	no	daeb881	2025-12-23	Jbase16
tests/unit/test_bounty_report.py	python-tests	.py	156	yes	no	0efceab	2026-07-02	Jbase16
tests/unit/test_candidate_discovery.py	python-tests	.py	259	yes	no	2fb02aa	2026-06-28	Jbase16
tests/unit/test_capability_model_config.py	python-tests	.py	80	yes	no	f7b2b9e	2026-02-07	Jbase16
tests/unit/test_cdn_detection.py	python-tests	.py	125	yes	no	5f46ae0	2026-05-21	Jbase16
tests/unit/test_chat_memory.py	python-tests	.py	65	yes	no	5f46ae0	2026-05-21	Jbase16
tests/unit/test_command_validation.py	python-tests	.py	833	yes	no	50d6224	2026-05-21	Jbase16
tests/unit/test_config_singleton.py	python-tests	.py	181	yes	no	5f46ae0	2026-05-21	Jbase16
tests/unit/test_correlator.py	python-tests	.py	37	yes	no	08a3276	2025-12-17	Jason Phillips
tests/unit/test_cronus.py	python-tests	.py	580	yes	no	7d63772	2026-03-24	Jbase16
tests/unit/test_event_sequence_persistence.py	python-tests	.py	149	yes	no	7d63772	2026-03-24	Jbase16
tests/unit/test_findings_store_sync_get.py	python-tests	.py	84	yes	no	ef6532b	2026-06-06	Jbase16
tests/unit/test_fingerprinters.py	python-tests	.py	28	yes	no	08a3276	2025-12-17	Jason Phillips
tests/unit/test_flow_capture.py	python-tests	.py	346	yes	no	fc5d39c	2026-05-27	Jbase16
tests/unit/test_flow_diff.py	python-tests	.py	313	yes	no	828252e	2026-05-27	Jbase16
tests/unit/test_foundry_authorization.py	python-tests	.py	233	yes	no	a19f887	2026-06-12	Jbase16
tests/unit/test_foundry_challenges.py	python-tests	.py	209	yes	no	8770010	2026-06-07	Jbase16
tests/unit/test_foundry_driver_playwright.py	python-tests	.py	213	yes	no	33892fa	2026-06-07	Jbase16
tests/unit/test_foundry_planner.py	python-tests	.py	127	yes	no	8a3378b	2026-06-07	Jbase16
tests/unit/test_foundry_recipe.py	python-tests	.py	194	yes	no	1379d84	2026-06-07	Jbase16
tests/unit/test_foundry_recorder.py	python-tests	.py	183	yes	no	2b37cb4	2026-06-09	Jbase16
tests/unit/test_foundry_replay.py	python-tests	.py	320	yes	no	8770010	2026-06-07	Jbase16
tests/unit/test_foundry_router.py	python-tests	.py	223	yes	no	1c900c9	2026-06-07	Jbase16
tests/unit/test_foundry_signup.py	python-tests	.py	305	yes	no	a19f887	2026-06-12	Jbase16
tests/unit/test_foundry_vault.py	python-tests	.py	198	yes	no	1379d84	2026-06-07	Jbase16
tests/unit/test_framework_patterns.py	python-tests	.py	155	yes	no	5f46ae0	2026-05-21	Jbase16
tests/unit/test_ghost_router.py	python-tests	.py	271	yes	no	fc5d39c	2026-05-27	Jbase16
tests/unit/test_graph_analyzer.py	python-tests	.py	92	yes	no	0aaf44f	2026-01-08	Jbase16
tests/unit/test_h1_submission.py	python-tests	.py	228	yes	no	6733b5b	2026-06-07	Jbase16
tests/unit/test_hypervisor.py	python-tests	.py	128	yes	no	e7753f8	2026-01-06	Jbase16
tests/unit/test_ledger_determinism.py	python-tests	.py	94	yes	no	b8d9c4b	2026-01-06	Jbase16
tests/unit/test_merkle_integrity.py	python-tests	.py	100	yes	no	94c32f1	2026-01-06	Jbase16
tests/unit/test_mutation_library.py	python-tests	.py	276	yes	no	55df3c7	2026-05-27	Jbase16
tests/unit/test_narrative_templates.py	python-tests	.py	58	yes	no	08a3276	2025-12-17	Jason Phillips
tests/unit/test_narrator.py	python-tests	.py	75	yes	no	7d63772	2026-03-24	Jbase16
tests/unit/test_pathfinder.py	python-tests	.py	46	yes	no	08a3276	2025-12-17	Jason Phillips
tests/unit/test_persistence.py	python-tests	.py	60	yes	no	b714249	2026-01-06	Jbase16
tests/unit/test_persona_auth.py	python-tests	.py	252	yes	no	57a2eff	2026-05-26	Jbase16
tests/unit/test_phase2_causal_graph.py	python-tests	.py	777	yes	no	e5c1fca	2026-05-21	Jbase16
tests/unit/test_phase2_nexus_context.py	python-tests	.py	102	yes	no	14452eb	2026-02-16	Jbase16
tests/unit/test_phase2_strategos_routing.py	python-tests	.py	60	yes	no	dad2f55	2026-02-06	Jbase16
tests/unit/test_poc_generator_real.py	python-tests	.py	131	yes	no	5f46ae0	2026-05-21	Jbase16
tests/unit/test_program_scorer.py	python-tests	.py	194	yes	no	30b2850	2026-06-07	Jbase16
tests/unit/test_pty_cleanup.py	python-tests	.py	68	yes	no	7d63772	2026-03-24	Jbase16
tests/unit/test_pty_fencing.py	python-tests	.py	81	yes	no	7d63772	2026-03-24	Jbase16
tests/unit/test_reactive_graph.py	python-tests	.py	47	yes	no	5f3c58d	2026-01-06	Jbase16
tests/unit/test_replay_engine.py	python-tests	.py	368	yes	no	916eb65	2026-05-27	Jbase16
tests/unit/test_report_composer_real.py	python-tests	.py	150	yes	no	5f46ae0	2026-05-21	Jbase16
tests/unit/test_reporting.py	python-tests	.py	66	yes	no	8cdffc5	2026-01-08	Jbase16
tests/unit/test_repro.py	python-tests	.py	90	yes	no	6bc1970	2026-06-30	Jbase16
tests/unit/test_scan_briefing.py	python-tests	.py	165	yes	no	d12f456	2026-05-21	Jbase16
tests/unit/test_scan_watchdog.py	python-tests	.py	98	yes	no	5f46ae0	2026-05-21	Jbase16
tests/unit/test_scope_registry.py	python-tests	.py	89	yes	no	ff8d3b0	2026-02-23	Jbase16
tests/unit/test_security_header_redirect.py	python-tests	.py	73	yes	no	5f46ae0	2026-05-21	Jbase16
tests/unit/test_security_interlock.py	python-tests	.py	49	yes	no	5616ec9	2025-12-29	Jbase16
tests/unit/test_session_lifecycle.py	python-tests	.py	95	yes	no	5f46ae0	2026-05-21	Jbase16
tests/unit/test_strategos_decisions.py	python-tests	.py	152	yes	no	5f46ae0	2026-05-21	Jbase16
tests/unit/test_strategos_edge_conditions.py	python-tests	.py	151	yes	no	aa9ec23	2026-02-15	Jbase16
tests/unit/test_strategos_hybrid_unit.py	python-tests	.py	529	yes	no	836fd14	2026-03-24	Jbase16
tests/unit/test_strategos_safety.py	python-tests	.py	92	yes	no	e583193	2026-02-14	Jbase16
tests/unit/test_submission_render.py	python-tests	.py	262	yes	no	5550e1a	2026-07-02	Jbase16
tests/unit/test_teardown_deadline.py	python-tests	.py	136	yes	no	6c38c18	2026-05-27	Jbase16
tests/unit/test_three_axis_scoring.py	python-tests	.py	91	yes	no	f7b2b9e	2026-02-07	Jbase16
tests/unit/test_url_validation.py	python-tests	.py	158	yes	no	7d63772	2026-03-24	Jbase16
tests/unit/test_verify_console.py	python-tests	.py	607	yes	no	ecbbfdf	2026-06-06	Jbase16
tests/unit/test_verify_endpoint.py	python-tests	.py	87	yes	no	db70d40	2026-05-26	Jbase16
tests/unit/test_verify_phase.py	python-tests	.py	579	yes	no	2fb02aa	2026-06-28	Jbase16
tests/unit/test_verify_promoter.py	python-tests	.py	350	yes	no	1713d0c	2026-06-07	Jbase16
tests/unit/test_vuln_rules.py	python-tests	.py	149	yes	no	657e0f6	2026-02-10	Jbase16
tests/unit/test_vuln_verifier_fixes.py	python-tests	.py	212	yes	no	a852b66	2026-06-27	Jbase16
tests/verification/check_tools.py	python-tests	.py	25	yes	no	08a3276	2025-12-17	Jason Phillips
tests/verification/inspect_db.py	python-tests	.py	44	yes	no	08a3276	2025-12-17	Jason Phillips
tests/verification/test_command_injection_prevention.py	python-tests	.py	191	yes	no	5a0ffc1	2026-01-01	Jbase16
tests/verification/test_session_log_cap.py	python-tests	.py	152	yes	no	a84998a	2026-01-01	Jbase16
tests/verification/test_url_validation_simple.py	python-tests	.py	81	yes	no	8665b32	2026-01-14	Jbase16
tests/verification/test_websocket_terminal_bidirectional.py	python-tests	.py	185	yes	no	a84998a	2026-01-01	Jbase16
tests/verification/verify_architecture.py	python-tests	.py	74	yes	no	08a3276	2025-12-17	Jason Phillips
tests/verification/verify_assemblage.py	python-tests	.py	48	yes	no	dcbccb3	2025-12-30	Jbase16
tests/verification/verify_backend.py	python-tests	.py	89	yes	no	84b664f	2025-12-17	Jason Phillips
tests/verification/verify_cal_core.py	python-tests	.py	72	yes	no	b98ee9a	2026-01-01	Jbase16
tests/verification/verify_cal_integration.py	python-tests	.py	69	yes	no	d8c2c72	2026-01-02	Jbase16
tests/verification/verify_command_deck.py	python-tests	.py	58	yes	no	84b664f	2025-12-17	Jason Phillips
tests/verification/verify_cortex.py	python-tests	.py	60	yes	no	84b664f	2025-12-17	Jason Phillips
tests/verification/verify_forge.py	python-tests	.py	56	yes	no	84b664f	2025-12-17	Jason Phillips
tests/verification/verify_ghost.py	python-tests	.py	68	yes	no	84b664f	2025-12-17	Jason Phillips
tests/verification/verify_god_tier.py	python-tests	.py	80	yes	no	84b664f	2025-12-17	Jason Phillips
tests/verification/verify_killchain.py	python-tests	.py	94	yes	no	84b664f	2025-12-17	Jason Phillips
tests/verification/verify_mimic_inferencer.py	python-tests	.py	28	yes	no	7bc68e5	2026-03-21	Jbase16
tests/verification/verify_mimic_integration.py	python-tests	.py	69	yes	no	7bc68e5	2026-03-21	Jbase16
tests/verification/verify_mimic_miner.py	python-tests	.py	35	yes	no	7bc68e5	2026-03-21	Jbase16
tests/verification/verify_neural_loop.py	python-tests	.py	79	yes	no	84b664f	2025-12-17	Jason Phillips
tools/lint_structure.py	tools	.py	12	yes	no	dcbccb3	2025-12-30	Jbase16
tools/ops/annotate_inline_comments.py	tools	.py	379	yes	no	8610a33	2025-12-19	Jbase16
tools/ops/cleanup_disposition.py	tools	.py	358	yes	no	dcbccb3	2025-12-30	Jbase16
tools/ops/debug_cortex.py	tools	.py	38	yes	no	8610a33	2025-12-19	Jbase16
tools/ops/manual_scan.py	tools	.py	66	yes	no	8610a33	2025-12-19	Jbase16
tools/ops/run_headless_scan_with_narrator.py	tools	.py	50	yes	no	8610a33	2025-12-19	Jbase16
tools/ops/run_real_scan_headless.py	tools	.py	49	yes	no	8610a33	2025-12-19	Jbase16
tools/ops/start_sentinel_brain.py	tools	.py	109	yes	no	8610a33	2025-12-19	Jbase16
tools/ops/start_servers.sh	tools	.sh	79	yes	no	8610a33	2025-12-19	Jbase16
tools/ops/strip_banners.py	tools	.py	102	yes	no	8610a33	2025-12-19	Jbase16
tools/ops/test_tools_install.py	tools	.py	27	yes	no	8610a33	2025-12-19	Jbase16
tools/ops/verify_strategic_logging.py	tools	.py	70	yes	no	8610a33	2025-12-19	Jbase16
ui/Audit/AuditFeedView.swift	ui-swift	.swift	93	yes	no	422226e	2026-01-06	Jbase16
ui/BackendState.swift	ui-swift	.swift	77	yes	no	2bcd112	2026-01-11	Jbase16
ui/ErrorClassifier.swift	ui-swift	.swift	133	yes	no	0541035	2026-01-11	Jbase16
ui/Info-Release.plist	ui-app-config	.plist	46	yes	no	dfb7ddd	2026-02-05	Jbase16
ui/Info.plist	ui-app-config	.plist	29	yes	no	6170961	2025-12-29	Jbase16
ui/RetryBackoff.swift	ui-swift	.swift	50	yes	no	2bcd112	2026-01-11	Jbase16
ui/SentinelForge.Release.entitlements	ui-app-config	.entitlements	6	yes	no	dfb7ddd	2026-02-05	Jbase16
ui/SentinelForge.entitlements	ui-app-config	.entitlements	20	yes	no	efbd244	2026-01-13	Jbase16
ui/SentinelForge.xcodeproj/project.pbxproj	ui-project-config	.pbxproj	681	yes	no	bc65422	2026-06-18	Jbase16
ui/SentinelForge.xcodeproj/project.xcworkspace/contents.xcworkspacedata	ui-project-config	.xcworkspacedata	7	yes	no	e8b5296	2025-12-23	Jbase16
ui/Sources/Core/AppReducer.swift	ui-swift	.swift	288	yes	no	b147159	2025-12-19	Jbase16
ui/Sources/Core/BackendState.swift	ui-swift	.swift	77	yes	no	f757f0a	2026-01-11	Jbase16
ui/Sources/Core/ErrorClassifier.swift	ui-swift	.swift	133	yes	no	f757f0a	2026-01-11	Jbase16
ui/Sources/Core/HelixError.swift	ui-swift	.swift	46	yes	no	84b664f	2025-12-17	Jason Phillips
ui/Sources/Core/RetryBackoff.swift	ui-swift	.swift	50	yes	no	39b3f13	2026-01-11	Jbase16
ui/Sources/Core/ScanProjection.swift	ui-swift	.swift	191	yes	no	53c0f24	2025-12-21	Jbase16
ui/Sources/Graph/GraphRenderer.swift	ui-swift	.swift	857	yes	no	5535a75	2026-02-09	Jbase16
ui/Sources/Graph/NeuralGraphView.swift	ui-swift	.swift	505	yes	no	2be5b75	2026-02-09	Jbase16
ui/Sources/Graph/Pressure/PressureShader.metal	ui-metal	.metal	22	yes	no	df3efd3	2026-01-08	Jbase16
ui/Sources/Graph/Shaders.metal	ui-metal	.metal	149	yes	no	724d5cd	2026-01-08	Jbase16
ui/Sources/Models/AnyCodable.swift	ui-swift	.swift	78	yes	no	6baf32d	2026-01-08	Jbase16
ui/Sources/Models/FindingModels.swift	ui-swift	.swift	344	yes	no	b0c3125	2026-02-23	Jbase16
ui/Sources/Models/HelixAppState.swift	ui-swift	.swift	1203	yes	no	5f46ae0	2026-05-21	Jbase16
ui/Sources/Models/OperationalStateModels.swift	ui-swift	.swift	36	yes	no	e583193	2026-02-14	Jbase16
ui/Sources/Models/PressureGraphModels.swift	ui-swift	.swift	205	yes	no	3216565	2026-02-10	Jbase16
ui/Sources/Models/SharedModels.swift	ui-swift	.swift	202	yes	no	cbae416	2026-02-01	Jbase16
ui/Sources/Models/ToolMetadataModels.swift	ui-swift	.swift	27	yes	no	e583193	2026-02-14	Jbase16
ui/Sources/Resources/terminal/index.html	ui-resource-or-doc	.html	48	yes	no	5a0ffc1	2026-01-01	Jbase16
ui/Sources/SentinelForgeApp.swift	ui-swift	.swift	68	yes	no	d99924d	2026-01-04	Jbase16
ui/Sources/Services/BackendManager.swift	ui-swift	.swift	796	yes	no	bc65422	2026-06-18	Jbase16
ui/Sources/Services/CortexStream.swift	ui-swift	.swift	639	yes	no	9dedda5	2026-02-15	Jbase16
ui/Sources/Services/EventStreamClient.swift	ui-swift	.swift	386	yes	no	a29e3eb	2026-02-15	Jbase16
ui/Sources/Services/FoundryAPIClient.swift	ui-swift	.swift	219	yes	no	de06331	2026-06-09	Jbase16
ui/Sources/Services/GenerateModels.swift	ui-swift	.swift	24	yes	no	08a3276	2025-12-17	Jason Phillips
ui/Sources/Services/GhostAPIClient.swift	ui-swift	.swift	385	yes	no	bc65422	2026-06-18	Jbase16
ui/Sources/Services/GhostCaptureBrowser.swift	ui-swift	.swift	206	yes	no	bc65422	2026-06-18	Jbase16
ui/Sources/Services/LLMService.swift	ui-swift	.swift	121	yes	no	5f46ae0	2026-05-21	Jbase16
ui/Sources/Services/LedgerStreamClient.swift	ui-swift	.swift	12	yes	no	281e807	2026-01-21	Jbase16
ui/Sources/Services/ModelRouter.swift	ui-swift	.swift	54	yes	no	84b664f	2025-12-17	Jason Phillips
ui/Sources/Services/PTYClient.swift	ui-swift	.swift	148	yes	no	b40a98b	2026-01-09	Jbase16
ui/Sources/Services/SentinelAPIClient.swift	ui-swift	.swift	683	yes	no	5f46ae0	2026-05-21	Jbase16
ui/Sources/Services/VerifyAPIClient.swift	ui-swift	.swift	317	yes	no	bc65422	2026-06-18	Jbase16
ui/Sources/Views/Audit/AuditFeedView.swift	ui-swift	.swift	240	yes	no	aba331b	2026-02-15	Jbase16
ui/Sources/Views/ChatBubbleView.swift	ui-swift	.swift	58	yes	no	84b664f	2025-12-17	Jason Phillips
ui/Sources/Views/Components/IdentityStatusView.swift	ui-swift	.swift	52	yes	no	b4e4090	2026-01-03	Jbase16
ui/Sources/Views/Components/OperationalAlertBanners.swift	ui-swift	.swift	71	yes	no	e583193	2026-02-14	Jbase16
ui/Sources/Views/Components/StatusComponents.swift	ui-swift	.swift	340	yes	no	73586e5	2026-01-02	Jbase16
ui/Sources/Views/Components/TierBadgeView.swift	ui-swift	.swift	26	yes	no	e583193	2026-02-14	Jbase16
ui/Sources/Views/Dashboard/DashboardView.swift	ui-swift	.swift	304	yes	no	e583193	2026-02-14	Jbase16
ui/Sources/Views/Dashboard/DecisionStreamView.swift	ui-swift	.swift	190	yes	no	e583193	2026-02-14	Jbase16
ui/Sources/Views/Foundry/FoundryConsoleView.swift	ui-swift	.swift	421	yes	no	de06331	2026-06-09	Jbase16
ui/Sources/Views/Ghost/GhostConsoleView.swift	ui-swift	.swift	1025	yes	no	bc65422	2026-06-18	Jbase16
ui/Sources/Views/Graph/GraphModels.swift	ui-swift	.swift	213	yes	no	84b664f	2025-12-17	Jason Phillips
ui/Sources/Views/Graph/NetworkGraphView.swift	ui-swift	.swift	125	yes	no	f9a432c	2026-02-23	Jbase16
ui/Sources/Views/MainWindowView.swift	ui-swift	.swift	332	yes	no	de06331	2026-06-09	Jbase16
ui/Sources/Views/Navigation/ChatView.swift	ui-swift	.swift	143	yes	no	84b664f	2025-12-17	Jason Phillips
ui/Sources/Views/Navigation/TerminalView.swift	ui-swift	.swift	145	yes	no	74d7935	2026-01-09	Jbase16
ui/Sources/Views/Report/ReportComposerView.swift	ui-swift	.swift	240	yes	no	fc77ab1	2026-01-25	Jbase16
ui/Sources/Views/Reporting/BountyReportView.swift	ui-swift	.swift	388	yes	no	b0c3125	2026-02-23	Jbase16
ui/Sources/Views/Reporting/ReportView.swift	ui-swift	.swift	201	yes	no	5f46ae0	2026-05-21	Jbase16
ui/Sources/Views/Scan/ActionRequestView.swift	ui-swift	.swift	99	yes	no	84b664f	2025-12-17	Jason Phillips
ui/Sources/Views/Scan/ScanControlView.swift	ui-swift	.swift	984	yes	no	ca67b7a	2026-02-23	Jbase16
ui/Sources/Views/Settings/BackendSettingsView.swift	ui-swift	.swift	81	yes	no	48c3076	2026-01-09	Jbase16
ui/Sources/Views/ToolsBankView.swift	ui-swift	.swift	182	yes	no	e583193	2026-02-14	Jbase16
ui/Sources/Views/Verify/VerifyConsoleView.swift	ui-swift	.swift	590	yes	no	fea0289	2026-06-06	Jbase16
ui/Tests/.build/.lock	ui-generated-or-build	.lock	0	yes	yes	7bc68e5	2026-03-21	Jbase16
ui/Tests/Package.swift	ui-swift	.swift	29	yes	no	08a3276	2025-12-17	Jason Phillips
ui/Tests/Sources/TestRunner/CriticalPathTests.swift	ui-swift	.swift	222	yes	no	19d5fda	2026-01-20	Jbase16
ui/Tests/Sources/TestRunner/main.swift	ui-swift	.swift	103	yes	no	19d5fda	2026-01-20	Jbase16
ui/Tests/TESTING_STRATEGY.md	ui-tests	.md	223	yes	no	19d5fda	2026-01-20	Jbase16
ui/project.yml	ui-project-config	.yml	40	yes	no	60d195d	2026-01-04	Jbase16
